행정구역별(1),행정구역별(2),2006.01,2006.02,2006.03,2006.04,2006.05,2006.06,2006.07,2006.08,2006.09,2006.1,2006.11,2006.12,2007.01,2007.02,2007.03,2007.04,2007.05,2007.06,2007.07,2007.08,2007.09,2007.1,2007.11,2007.12,2008.01,2008.02,2008.03,2008.04,2008.05,2008.06,2008.07,2008.08,2008.09,2008.1,2008.11,2008.12,2009.01,2009.02,2009.03,2009.04,2009.05,2009.06,2009.07,2009.08,2009.09,2009.1,2009.11,2009.12,2010.01,2010.02,2010.03,2010.04,2010.05,2010.06,2010.07,2010.08,2010.09,2010.1,2010.11,2010.12,2011.01,2011.02,2011.03,2011.04,2011.05,2011.06,2011.07,2011.08,2011.09,2011.1,2011.11,2011.12,2012.01,2012.02,2012.03,2012.04,2012.05,2012.06,2012.07,2012.08,2012.09,2012.1,2012.11,2012.12,2013.01,2013.02,2013.03,2013.04,2013.05,2013.06,2013.07,2013.08,2013.09,2013.1,2013.11,2013.12,2014.01,2014.02,2014.03,2014.04,2014.05,2014.06,2014.07,2014.08,2014.09,2014.1,2014.11,2014.12,2015.01,2015.02,2015.03,2015.04,2015.05,2015.06,2015.07,2015.08,2015.09,2015.1,2015.11,2015.12,2016.01,2016.02,2016.03,2016.04,2016.05,2016.06,2016.07,2016.08,2016.09,2016.1,2016.11,2016.12,2017.01,2017.02,2017.03,2017.04,2017.05,2017.06,2017.07,2017.08,2017.09,2017.1,2017.11,2017.12,2018.01,2018.02,2018.03,2018.04,2018.05,2018.06,2018.07,2018.08,2018.09,2018.1,2018.11,2018.12,2019.01,2019.02,2019.03,2019.04,2019.05,2019.06,2019.07,2019.08,2019.09,2019.1,2019.11,2019.12,2020.01,2020.02,2020.03,2020.04,2020.05,2020.06,2020.07,2020.08,2020.09,2020.1,2020.11,2020.12,2021.01,2021.02,2021.03,2021.04,2021.05,2021.06,2021.07,2021.08,2021.09,2021.1,2021.11,2021.12,2022.01,2022.02,2022.03,2022.04,2022.05,2022.06,2022.07,2022.08,2022.09,2022.1,2022.11,2022.12,2023.01,2023.02,2023.03,2023.04,2023.05
전국,소계,294.6,248.2,269.4,251.9,240.3,215.2,212.7,226.6,258.9,306.2,260.9,242.8,202.6,200.6,207.4,209.1,213.3,241,236.6,227.5,236.2,235.2,238.2,247.7,241.3,248,263.5,273.7,273.3,261.5,237.2,221.1,204.8,187.4,206,222.6,289.2,267.5,261.2,302.4,284,311.8,296.7,308.6,273.6,235.7,231.8,250.2,266.6,244,229.6,216.8,220.3,224.6,221.9,227.6,237.1,251.4,276.6,282.9,286.6,271.1,254.8,249.6,255.4,258.4,273.2,272.4,270,268.4,265.6,267.4,271.2,263.9,262.9,264.2,270.2,257.1,251.1,254.7,270.4,277.6,274.1,271.1,274.4,278,284.5,288.8,283.6,273.3,271.8,294.4,304.7,297.3,293.6,307.8,316.2,314.1,298.9,290.6,292.3,298.9,310.2,327.5,325,314.4,311,320.9,329.8,338.6,340.8,339.2,343.7,344.9,352.6,341.2,353.2,356.5,354.1,328.4,328.9,334.7,345.5,374,385.4,397.2,388.3,388.3,393.7,388.7,351.7,346,350,360.8,378.3,404,448.9,419,451.8,368.5,398,404.9,431.2,457.6,483.4,440.3,403.7,368.3,373.9,389.9,443,529.9,443,364,341,335.7,326.3,316.5,333.1,362,411.7,477.4,499.1,455.2,472.8,501.6,508.1,473.9,439.6,442.4,394.8,369.4,419.1,533.6,516.7,472.7,447.9,453.5,472.6,491.9,491.2,459.7,428.9,446.8,489.4,490.3,535.3,526.9,507,460.9,429.7,421,414.4,394,434.6,452.1,439.8,404.4,387.2,386.1,377.7,378.6,412.6,435.2,488.9,522.4,510.6,538.6,556.5
수도권,소계,383.7,333.6,355.5,324.1,305.5,279.2,273.1,282.5,313.9,363.1,320.8,322.5,281.4,286,288,292,305.1,326.9,316.3,309.6,323,330,344.3,355.3,347.8,353.4,365,376.8,378.4,375.9,370.6,367.3,363.4,353.7,384.3,407.8,449.2,423.9,421.6,436,416.5,458.3,439.3,448.7,415.4,391.1,399.1,433.2,456.5,410.7,384,368.3,372.3,378.7,373.2,371.4,372.3,389.4,428.9,433.7,415.2,394.5,377.5,373,375.7,378.1,395,379.7,374.8,382.7,385.9,397.6,381.4,372.6,367.8,373.3,380.1,359.6,349.8,347.1,365.3,379.8,379.9,379.8,379,382.3,379.2,381.7,373.3,366.8,352.4,369.8,377.3,379.6,390.1,410.5,409,401.6,382,379.7,380.2,389.9,402.9,408.6,409,402.4,398.7,415.3,417,423.6,423,427.7,430.9,431.4,439.2,426.2,443.4,452.8,463,435.1,430.2,435.1,445.7,479.1,485.9,492,478.3,485.4,491.9,490.4,460.1,458.1,473.2,482.7,493.7,526.2,570.7,525.1,565.6,474,522.6,537.5,586.1,617.9,634.3,567.3,524.7,491.5,497.8,513.8,586.3,652,545.4,468.9,454.8,445.6,443.5,440.9,461.8,516.5,597,681.7,697.8,636.9,663.5,686.6,681.1,625,555,541,501.1,489.5,563.8,681.5,700.3,668,635.6,619.3,694.7,723.2,695.7,647.7,617.2,662.2,714.9,745.9,807.1,812.6,809.5,788.7,761.3,763.2,761.2,709.7,761.9,787,762,711.1,682.9,656.3,640.6,621.3,660.6,673.8,722.3,756.9,740.9,781.6,804.4
지방,소계,131.8,127.9,127.1,125.8,123.6,121.5,122.9,126,129.1,133.3,139.8,137.7,131.9,129.5,129.1,129.5,126.1,133.8,140,132.3,136,135.5,136,139,139.5,138.5,139.7,140.5,140.9,143.3,140.7,140.3,138.8,135,135.1,136.1,143.5,143.7,143.6,150.5,152.1,153.3,155.3,160.4,159.1,157.7,158.6,159.1,165.2,161.5,160.6,158.3,160.3,162.4,161,163.9,168,174,180.7,183.3,189.3,185,185.6,186.2,190.1,191.1,192.5,193.8,196,199,198.5,194.1,200.3,200.5,197.7,198.8,200.2,199,196.2,198.3,204,207.6,206.6,202.9,207.7,206.2,209.5,214.4,214.1,209.6,211.3,215.7,222.9,225.1,225.1,224,225.2,225.4,226.8,225.1,226.5,228,230.4,234.9,236.8,238.6,238.7,239.2,239.6,239.9,242.5,243.5,246.3,246.2,249.8,244,249.8,253,250.3,241.2,238.2,240.4,239.4,243.6,243.2,251.8,257.9,260.9,267.2,271.6,264.8,260,257.4,256.7,255.7,257.5,262.6,272.9,277.1,270.3,265.1,264.5,266.7,271.7,270.9,276.3,270.4,257.4,260.3,261.7,257.7,272.7,285.2,271.4,264.2,258.9,253.8,248,250,253.4,259.8,268.4,272.9,278.6,281.8,297.5,333.3,315.2,300.8,295.1,272.3,268.5,291.3,343.9,331,320.9,327.1,355,348.5,304.4,284.6,286.2,282.9,292.5,311.4,306.3,317.1,328.6,330.6,316.2,306.9,298.4,297.7,289.9,297.4,304.2,301.7,292.7,288.4,290.1,286.7,295.8,304.3,312.4,336.2,351.4,342.8,349.7,351.6
서울,서울,521.3,471.6,501.2,451.1,418.3,382,372.3,389.6,431.9,494.3,428.3,450.8,398.9,414.7,410.2,421.8,465,486,454.8,445,463,470,483.2,492.7,478.2,486.6,502.5,532.5,552.9,557.7,558.7,566.5,573.6,557.9,618.2,627.4,662.2,624.2,642,637.4,621.3,655.7,635.9,650,614.5,588.7,607.2,658.9,681.5,619,586.2,566.7,588.3,598.4,593.9,599,583.6,602.2,644.2,647.8,611.7,584.2,566.7,570.9,573.6,576.8,614.5,571.5,577.3,592.3,588.1,609.5,575.7,570.6,564.7,583.4,592.9,557.2,548.9,534.8,563.4,571.5,574.1,575.4,577.3,578.4,563.3,567.9,553.7,546.2,507.8,533.8,534.9,546.5,569.3,603.9,588.9,576.6,548.8,553.4,558.3,567.6,583,593.3,583,580.3,567.6,589.2,585.2,589.2,590.8,601.2,608.9,599.6,604.7,595.2,616.5,644.6,666.8,627.6,616,614,639.2,682.4,689.8,677.1,657.6,687.3,692.4,688.5,649.1,666.6,694.4,710.1,716.1,752.1,786.9,723.7,767.2,704.2,796.6,806.9,865.7,865.7,849.6,766.1,742.3,743.8,748.8,757.7,863.1,881.6,867,821.3,829.3,812.7,815.7,844.1,889.1,983.8,1066.8,1100.2,1072.5,1022.9,1072.2,1064,1058.8,1011.5,903.2,934.7,911.9,949.4,1051,1118.2,1122.8,1211.1,1215.4,1203.7,1293.3,1352.5,1333.9,1310.1,1280.9,1371.1,1338.5,1362,1404.4,1430.2,1492.7,1474.3,1403,1448.7,1418.3,1315.4,1418,1498.6,1443.8,1408.1,1370.1,1242.3,1247.3,1191.7,1275,1270.9,1297.5,1358.2,1350,1373.5,1434.1
서울,도심권,562.6,540.7,551.6,534.3,516.5,479.2,473.3,479,514.4,578.6,553.7,524.2,510.6,536.3,520.9,585.4,576.1,611.1,586.8,613.7,606.2,602.3,654.4,635.4,603.9,593.4,601.2,627.3,666,636.8,634.2,672,588.9,572,651.9,610.2,694.4,664.8,646.5,681.4,662.8,697.2,705.9,732.9,752.7,699.9,703.3,773.4,747.9,730.9,716,675.3,671.4,722.5,688.9,666.4,645.9,679,688.3,681.2,697.1,732.9,695.6,697.1,679.2,661.2,653.9,665.6,712.3,647.3,676.9,683.2,659.9,635,663.4,654.1,675.3,642.1,625,620.2,622,653.3,648.5,652.9,626,652.3,619.6,595.9,617.3,633.1,610.3,634.4,624.6,625.7,663,665.8,658.9,653,640.4,660.9,620.1,660.1,662.6,673.7,659.1,670.9,653.1,675.5,685.1,685.3,703.6,720.4,718,700.6,708.7,728.1,717.9,739.1,760.3,733.1,709.8,702.2,747.8,737.5,770.8,764.7,778,791.7,785.1,788.7,787.8,783.4,753.7,805.1,826.5,843.4,875.7,842.2,848.9,807.6,888.8,882.7,898.7,976,941,897.3,952.2,974.6,929.6,960.2,1058,1068.9,1036.1,947.4,1033.4,992.9,985.6,1122.7,1004.1,1136.9,1124.4,1209.6,1269.8,1207.9,1271.8,1229.5,1247.7,1231.9,1188.2,1155.1,1111.3,1131.6,1339.8,1318.2,1333.7,1460.7,1416.9,1439.5,1439,1491.5,1471.3,1527.9,1502.4,1497.5,1621.2,1574.8,1625.5,1607,1654.4,1637.8,1524,1680,1455,1669.2,1633.3,1620.7,1688.4,1431.3,1257.7,1548.4,1216.6,1173.4,1510.4,1409.4,1405.3,1516.3,1549.2,1544,1606.5
서울,동북권,295,300.4,310.1,307.9,311.2,301.9,301.7,302.6,313.2,330.1,318,320.5,320,324.3,327.7,332.7,335.9,354.5,354.4,360.4,368.7,375.4,383.6,392.6,402.2,414.3,441.4,474.4,489.5,498.9,492.1,483.5,482.7,469.4,458.5,441,455.8,460.2,458.9,475.8,472.9,482.9,483.2,497,497.2,485.5,484.8,483.2,493.2,491.7,479.2,458.7,450.4,455.2,453.5,443,442.4,452.6,463.3,470.4,474,470.5,465.9,463.3,457.9,453.5,458.9,452.5,456.9,460.3,454.9,453,447.4,443.6,443.2,438.5,432,420.7,418.2,417.7,423,426.7,427.9,424.7,422.7,429.9,431.2,430.4,433.9,434.2,425.3,431.7,437.5,447,445.3,454.7,459.5,456.6,453.2,454.4,450.3,450.4,452.9,463.7,460,467.6,473.1,476.2,470.1,472.4,475.6,475.6,482.6,478.3,487.2,491.6,496.8,508.8,516,514.2,502.6,501.1,508.5,520.5,521.7,528.1,534.7,541.6,548.5,558.2,551.9,546.5,543.6,549.2,558.2,576.1,590.4,586.9,594.1,577.6,608.5,617.5,642.1,662.7,655.9,631.9,609.8,611.6,606.8,619.7,656.8,680.8,703.9,700.2,688.2,689.3,675.2,695.5,676.6,722.1,744.7,784.8,811.5,818.8,796.9,826.4,843.2,821.9,787.4,800.4,791.3,779.3,815.1,897.6,954.7,1032.9,1038.6,1000.4,1070.5,1109.3,1122.1,1085,1114.4,1132.7,1160.9,1163,1176.9,1246.8,1288.6,1274.6,1238.2,1205.5,1236.4,1167.1,1211.7,1271,1216.1,1154.9,1112.9,1059.3,1035.8,1017.2,931,1033.5,1025.2,1050,1056,1081.7,1101.8
서울,동남권,763.9,760,813.4,758.6,697.1,652.5,658.5,693.5,757.4,825.3,760.8,795.7,664.2,693.4,708.4,712.5,801.1,814.3,772.1,724.5,794.2,780.5,799.6,807.7,773.4,770.1,757.1,771.9,782.8,774.8,764.7,785.7,782.4,772.6,825.9,792.7,826.1,836,863.5,847.7,868,929,895.3,918.3,879.2,846.2,869,934.8,966.8,877.5,839.3,851.9,872,875.8,853.1,882.2,878.6,874.7,927.3,939.1,884.4,858.1,841.3,865.1,865.2,879.6,922.7,856.8,875.4,894.9,873.8,897.2,868.5,853.5,854.5,894.8,869.5,852.2,847.1,792.4,839.7,844.2,846,840.1,844.2,840.8,829,869.8,821.8,813.2,770.9,834.8,800.3,808.7,849.8,886.4,864.3,838.9,806.6,843.1,846,863.5,866.2,872.3,869.2,861.3,836.1,864.2,851.7,869.2,895.9,918.3,935.6,929,924.6,905.5,951.6,964.5,981.1,917.7,925.6,939.6,1011.8,1039.7,1034.4,1002.8,963.9,1002.6,1001.7,989.2,915,981.8,1065.7,1073.5,1050.4,1077.3,1094.9,1076.5,1140.1,1069.8,1186.5,1169.6,1249.5,1221.1,1225.7,1167.8,1219.6,1204.4,1231.9,1218.8,1410.9,1401.7,1354.8,1253.7,1282.6,1273.4,1287.2,1316.3,1470.2,1510.1,1605.4,1603,1567.2,1560.6,1607.9,1552.2,1544.1,1533.2,1293.9,1463.8,1466.1,1619.3,1667.2,1678,1592,1679,1731.9,1767.6,1883.1,1957.5,1962,1970.9,1840.5,2006.3,1962.2,2059.5,2182,2110,2193.5,2162.5,2114.3,2048.4,2115,1873.7,2087.5,2283.5,2192.9,2205.9,2025.7,1774.2,2032,1767.8,1908.8,1823.4,1834.3,1915.9,1948.1,1963.5,2061
서울,서북권,376.2,350.8,368.7,364.6,364.4,345.9,340.5,365.3,382.9,396.8,360.8,381.4,369.4,371.2,384.2,371.5,372.5,395.7,411,401.1,413.7,424.8,440.8,441.2,448.6,450,473.8,478.4,489.9,504.7,494.5,479.7,478.2,462.1,467.3,474.5,467.4,473.7,492.7,519.8,516.1,519.9,541,540.2,520.5,528.9,515.7,505.1,520.9,493.1,495.1,483.3,481,491.1,483.6,492.2,477.3,495.7,509.1,517.1,530.5,497,505.3,485,496.5,469.1,512.2,511.7,517.8,508,505.4,516,506.4,494.2,481.1,491.3,519.2,499.2,491.8,473.3,474.7,480,486.5,489.2,484.7,503.1,486.4,491.2,504.4,494.2,480.7,488.2,499.1,499.8,496.5,503.6,505.1,519.8,495.3,504.3,510.1,502.1,518.1,531.1,520.8,532.7,528.7,532,536.8,539.4,539.5,544.4,553.7,561.6,554.3,554.8,560.9,578,574.2,556.2,564.9,545.8,561.5,578.8,584.9,600.7,613,633.4,639.4,654.6,647.4,632.6,655.1,643.6,656.6,685.8,714.3,696.5,712.1,682.7,732.1,748,763.6,769,791.2,749.2,712.2,715.9,726.2,730.6,794.6,838,814.4,785.5,755,745.8,746,802.7,805.5,817.3,907,963.4,994.5,989.5,986.5,1009.1,1048.4,1018.7,931.4,910.5,901,835.7,944.8,1066.5,1072.3,1140.4,1138.5,1133.4,1232.4,1260.9,1312.7,1204.9,1184.8,1183.2,1241.9,1268.3,1325.6,1374.6,1442.1,1399,1276.9,1347.4,1282,1232.9,1343.8,1350.6,1248.5,1211.2,1250.4,1132,1237.3,1078.2,1120.6,1167.9,1216.8,1219.1,1191.7,1247.1,1315
서울,서남권,416.4,398.4,406.8,380.1,363.9,345.6,346.5,356.6,387.2,434,403.7,394.6,368.5,381.6,393.8,407.8,419.2,437.5,422.6,420.8,432.7,442.2,454.3,458,444.6,455.8,465.1,482,499.8,495.9,494.9,492.4,505.7,487.2,523.4,524,584.9,548.2,533.1,557,542.2,554.8,550.5,560.7,536.4,510.2,527.8,549.6,562.3,532.3,507,490.2,508,509.8,503.2,508,501,531.7,549.2,546.3,535.7,515,504.3,515.8,514,507.9,522.7,501.2,496.5,501,508.1,504.6,497.6,504.5,507.5,484.7,510.4,479.3,478.2,472.5,481.2,491.9,479.7,492,494.2,478.3,489.4,488.3,491.2,472.9,464.2,470.6,482.6,489.1,490.6,494.6,501,504.7,486.8,489.4,491,497.5,498.4,505,516.6,502.8,499.2,505.2,502.6,509.4,514.2,522.7,516.7,529.3,531.1,534.3,546.3,560.8,570.7,555.8,549,556.7,546.5,572.8,589.7,609.3,589.3,603.5,607.2,610.4,596,584.1,600.2,606.4,620.9,633.1,662.6,645.9,673.6,631.1,674.2,699.6,751.1,735.6,728.6,702.1,674.1,676,691.7,716.2,773.5,781.1,740.3,733.3,732.1,718.7,744.8,734.9,739.3,816.7,875.8,936.1,904.2,879.1,887,926.3,943,909.5,864.7,878.4,845.8,841.5,907.9,995.8,1039.2,1068.9,1048,1055.7,1119.7,1200.6,1194.4,1166.1,1143.3,1246.7,1154.2,1230,1238.3,1258.4,1251.1,1244.1,1149.2,1188.5,1168.2,1073.8,1154.5,1224.6,1194.3,1203.6,1170.1,1070.9,1053.1,1031.9,1028.5,1049.9,1118.9,1135.3,1154.3,1167.7,1210.2
광역시,부산,151.2,153.1,150.1,146.1,144.9,142.8,146.8,147.7,147.1,151.5,159.8,160.1,155,156,156.7,151.7,149.6,156.7,160.7,157.8,158.6,158.1,161.5,165.3,166.9,167,165.8,170.1,167.4,169.3,164.1,165,162.2,157.4,157.4,160.6,167.6,167.9,171.5,177.6,179,182.1,188.9,193.5,191.8,191.1,193.7,195.4,202.6,202.8,198.4,198.6,199.1,200.9,204.2,206.8,209.4,216.4,228.8,235.9,242.8,244.7,244.5,249.6,252.9,254.6,259.2,264.7,264.3,264.4,265.5,261.4,261.5,265.2,256.8,259.8,255.2,259.4,256.4,256,256.6,261.3,259.8,255.5,258.8,256.1,259.8,264.1,262,259,260.5,264.8,264.2,268.7,270.1,269.7,274.1,271.8,274.9,269.8,270.6,271.7,277.3,280.4,280.9,281.3,282.8,290.3,289.1,288.7,290.7,292.8,295.1,294.4,302.9,302.9,306.6,309.8,314.4,303.8,304.5,306.1,308,314.2,322.7,332.3,339.1,346.7,351,353.6,342.9,344.5,341.3,345,343.1,354.5,357.2,363.6,356,353.2,351.7,347.8,355,366.8,369.8,364.6,358,338.2,341.6,341.2,339.5,344.6,371.2,354.5,350.2,343,348.1,344.1,347.7,345,353.3,360.8,361.4,368.7,376.3,403.3,454.6,411.8,400.3,398.8,380.7,379.1,398.7,473.9,442.4,439.6,453.8,469.8,409.9,350.6,378.2,390.4,388.3,414.2,439.4,431.8,450.8,457.7,448.1,416,421,395.4,415,407.8,437.4,422.2,421.5,414.7,398.2,413.3,419.6,446.2,456.7,456.3,501.3,515.7,501.7,517.3,512.6
광역시,대구,174,169.7,166.8,166.2,164.2,162.7,162.8,165.3,165,169.4,173.1,172.4,166.1,163,162.7,162.1,162.4,164.2,166.7,165.3,166,168.3,168,169.2,168.1,166.7,167.5,167.3,170,169.1,168.8,167.4,163.9,164.5,161.6,165.5,164.4,163.5,161.6,169.4,169,174.7,173.4,176.5,176.7,175.9,174.7,175.9,175.8,170.4,170.7,168.2,169.5,172,169.7,170,171.9,174.8,181.3,182.3,188.3,188.1,186.6,188.8,194.6,197.2,201.2,203.7,209.8,210.8,210.6,214.6,219.1,215.3,213.2,214.4,218.4,220,218.8,223.2,227.6,228.1,231.3,231,231.8,231.2,231.1,238.3,241.2,242.4,242.7,251.5,257.8,260.1,267.3,265.8,269.9,266.3,269.8,269,272.3,279.7,282.4,287.6,288.8,296.4,301.9,305.7,307.8,309.6,314.8,317.3,323.5,330.7,333.8,330.1,341.5,334.9,325.4,312.3,315.1,320.4,315.1,309.5,305,311.1,315,327.5,339.8,336.3,333.1,327,314.4,317.1,323.1,320.6,334.7,353.9,372.4,354.1,344.8,339.9,349.5,355.9,365.5,379.3,364,352.6,350.2,354.4,349.8,370,386.8,365.3,346.4,347.7,332.1,317.9,328.1,331.1,336.8,359,354.2,363.3,371.2,377.4,402.7,396.3,384,376,350.8,349.5,368.6,404.2,422.8,418.4,430.2,441.8,437.6,389.6,363.6,380,382.7,399.1,399.6,381.8,397.4,399.6,406.2,404.2,399.5,394.6,395.4,386.7,385.6,396.3,393.4,387.1,400.6,396.8,387.7,399.4,404.8,402.8,410.5,418.8,413.5,421.8,435.2
광역시,인천,177,174.1,176.3,179.9,180,183.4,185.9,188,187.2,194.5,193.3,192.4,192.3,194.4,193.2,201.8,207,213.1,219.2,224.9,228.7,237.6,241.9,244.7,246.1,249.2,256,266.6,276,282.7,287.9,289.5,292.2,280.7,295.9,296.4,290,283.2,278.9,281,281.7,288.7,289.2,290.9,292.1,283.4,279.4,279.4,288.1,286.7,279.1,272.6,275.2,270,272.3,272,271.8,275.8,279.4,283.7,283.9,282,276.7,272.3,273.3,269.9,270.4,269.8,267.3,268.6,270.6,263.8,271.3,267.3,263.7,261.9,260.7,258.4,254.2,255,256.7,257.3,260.8,257.9,258.3,257.4,260.1,259.9,260.2,260.1,264.1,264.4,267.1,269.7,272.2,274.8,274.1,272.2,269.8,268.9,271,274.8,279.8,277.6,279,281.9,289.1,291.2,290.7,288.7,286.5,288,295.6,293.4,300.2,302.4,308.6,317.6,322.3,309.6,307.1,308,303.7,311.4,312.1,319.7,325.9,325.3,328.3,338.1,340,340,328.7,327.7,326.8,329,329.7,341,346.7,353.3,352.6,347.5,347.5,340.6,346,347.1,348.4,337.1,341.4,344.6,345,355.6,372.2,362.7,354.5,348.9,346.5,339.5,340.5,342.4,341.4,348.8,353.3,361.2,371.5,384.3,402,396.4,406.5,408.9,376.8,366.2,379,402.8,382.2,389.6,393.3,391,425.5,465.8,446.9,437.7,431.7,431.4,446.8,481.4,545,560.8,545.1,524.1,519.9,505,493.5,498.3,517.3,515.2,504.7,492.7,496.7,496.7,485.2,483.6,500.1,487.9,504,518.1,496.4,504.1,506.6
광역시,광주,115.5,112.9,113.3,115,110.8,111.3,112,112.1,114.7,115.2,116.5,117.4,117.4,117.6,115.1,115.7,113.9,117.7,117.9,117.7,119.5,119.9,121,120.3,123,122.6,120.4,122.3,122.9,126.4,124.5,124.2,124.8,125.1,122.6,124.7,128.9,127.1,125.1,126.7,129.3,130.9,133.7,130.2,131.3,130.3,131.3,133.6,135.7,135.5,133.8,132.4,133.8,132.2,128.4,135.1,135.5,139.8,142.8,146.3,152.1,153.8,158.6,162.3,167.1,170.1,171.4,172.9,174.7,174.4,177.3,175.9,180.9,180.5,177.6,179.1,181.2,179.8,179.3,181.8,188.4,187,188.1,186.2,188,189,189.3,189,189.2,189.3,193.7,195.6,193.9,200,200.6,204.6,203,205.4,203.5,203.6,204.4,206,213.4,216.7,219.4,218.6,225.1,224,223.1,227.8,224.9,228,229.8,232.6,232.9,237.7,245.5,243.8,246.6,246.2,242.9,250.4,243.1,240.4,241.2,244,249,249.4,253.1,259.8,256.2,260.5,260.4,253.8,255.3,257.8,258.9,264,265,266,271.5,270.4,278.3,280.3,277.8,281.1,275.6,276,279.6,282.8,283.3,295.6,292.7,276.9,277.4,278.3,276,267.3,271.5,270.8,270.8,287.7,286.8,296,297.3,295.9,308,310.2,317,303.8,295.6,289.7,296.9,319.3,321.6,327.3,335.5,373.1,382.4,345.1,306.7,321.6,312,318,336.7,348.7,358.8,390.2,402.2,399,375.5,375.3,355.3,340.3,367.9,372.2,357.2,362.1,335.2,352.6,343.5,342.5,344.4,360.1,368.8,382.4,381.6,381.4,386
광역시,대전,188,178.3,173.8,180.6,176.1,164.8,160,159.4,168.5,176.7,177.3,173.6,161.1,156.5,155.8,164.5,153.4,165.3,162,158.4,162.2,163.2,163.3,169,166,161.4,161,161.1,165.8,164.7,162.8,159,158.9,156.6,160.1,165.5,167.9,170,167.8,179,180.1,182.1,182.8,186.5,184.6,186.4,187.8,194,198.3,193.5,189.5,189.1,190.5,194.2,202.9,205.2,204.5,214.7,223.4,227.5,233.1,235.4,233.9,231.8,247.5,245.8,240.4,236.4,237.3,245.7,243,244,246.7,243.9,238.1,231.1,236.4,230.6,225.9,228.1,235.7,242.7,241.8,242.6,237.1,238.1,237.7,238,244,242.7,238,243,248.2,252.6,253.5,256.5,253.6,247.7,248.2,247.6,249.3,247.5,246.1,249.7,250.9,255.8,254.7,255.5,258.4,255.7,245.8,245.5,249.5,247.8,256.6,256.6,253.3,259.9,263.5,266.8,259.2,262,251.5,256.2,260.9,264.6,262.4,267.3,271.9,274.8,277.6,272.7,279.6,269.2,265.5,265.7,269.5,275.3,278.5,281.3,287.6,286.5,284.5,297.5,291.6,286.2,288.3,283.1,279.6,285.2,289.8,321.2,324.7,317.9,306.2,294.3,291.7,282.8,286.8,297.2,301.9,313.1,322.7,328.2,332.8,339,349.6,349.1,341.3,342.2,335,315.8,357.1,406.4,373.1,394.1,389.6,410.6,434.3,422.5,418.5,415.1,395.9,402.3,417,426.7,450.4,449,454.4,454.9,438.4,410.5,422.5,425.3,406.9,415.3,404.4,402,399.8,385.1,401.6,391.6,402.1,398.3,422.8,434.5,414.4,422.4,420.9
광역시,울산,127.2,124.7,124.9,130.7,133.6,132.4,130.5,139.5,146.8,150.7,159.2,165.3,170.6,163.6,161.7,169.1,155.8,165.1,167.2,164.8,166.6,163.3,161.6,166.6,165.1,169.5,170.9,172.7,173.1,173.6,170.3,171.2,165.8,158.6,166.3,176.9,172.2,178.1,168.3,182.2,184,180.1,182.1,189.4,185.5,183.1,187.3,184.7,191.4,191.1,190.7,183.8,188.5,185.6,186.9,186.2,194.7,196.1,197,203.9,208.2,202.4,197.7,204.3,211.5,213.6,223.9,219.5,226.7,229,231.9,231.7,239.4,244,240.3,242.2,245.9,244.2,246,246.4,245.2,252.1,245.7,255,247.6,244.1,248.7,254.8,245.8,246.3,247.8,251,259.3,258.4,259.5,255.6,258.8,261.8,264.3,263.9,268.6,268.2,268.7,269.2,271.9,272.2,275.4,276.6,277.7,278.6,280,279.3,285.5,285.3,290.4,290.1,300.1,301.3,305.1,303.3,305.7,303.4,305,309.1,298.7,306.8,310,310.3,322.8,330.3,323.1,317.1,311.9,316.3,313,303.5,305.4,313.2,314.5,320.4,319.6,317.1,315.5,315.5,312.8,305.1,304.6,295.7,287.5,291.3,295.2,284.3,294.2,297,285.6,289.8,286,278.7,283,284.8,291,307.3,307.5,318.3,323.2,338.6,331.2,329.3,330.5,329.7,320.8,306.7,333.9,379.7,362.1,335.6,349.2,386.6,381,330.9,313.2,307.6,304.2,323.7,350.6,347,359.8,365.7,363.3,358.2,351.9,339.6,358.5,348.9,349.1,357.7,359.4,335.3,320.1,332.8,330.6,331.6,366,372,386.4,397.9,399.6,390.9,407.9
세종,소계,-,-,-,-,-,-,-,-,-,-,-,-,-,-,-,-,-,-,-,-,-,-,-,-,-,-,-,-,-,-,-,-,-,-,-,-,-,-,-,-,-,-,-,-,-,-,-,-,-,-,-,-,-,-,-,-,-,-,-,-,-,-,-,-,-,-,-,-,-,-,-,-,-,-,-,-,181.1,169.7,168.4,166.6,178.3,185.7,181.7,178.9,177.8,184.3,182.5,182.2,185.5,178.3,171,178.9,195.1,192.8,192.7,215.8,204.7,193.1,193.2,191.7,201.4,190.2,201.9,231.4,204.6,223.9,216,203.8,227.8,241.8,243.3,236.3,235.5,214.1,241.4,235.1,249.5,240,230.1,223.9,247.5,271.2,265.8,253,246.7,285.6,314.4,306.2,320.7,340.4,345.2,316,314,313.1,318.1,342.7,366.6,384.5,391.8,349.1,336.6,349.7,330.3,342.5,349.3,396.8,396.4,391.4,391.9,387.1,396.6,378.8,406.7,386.5,404.7,399.9,378.9,372.6,363.3,386.9,386.4,416.3,428,414.3,436,455.1,484,517.7,481.2,523.1,459.4,421.7,484.4,574.2,653.8,662.4,577,573,618.9,629.4,616.2,652.8,654.7,658.1,724.3,677.5,628.9,710.8,701.9,635.3,715.6,682.7,692.6,692.3,672.2,682.5,679,668.1,621.9,627.9,595.9,623.7,609.2,607,595.5,653.6,641.7,652.8,618
도,경기,308.7,273.4,286.9,275.2,268.7,248.8,240.1,243.8,265.8,307.2,282,272.1,250.4,251.5,252.8,259.5,271.2,283.7,274.4,271.7,283,287.2,298.8,304.9,302.3,302.3,308.3,318.3,323.1,325.4,318.8,314.9,311,300.4,317.7,317.8,350.7,346.5,331,352.6,335.4,346.4,342.5,349.1,332,318.1,316.1,324,341.2,322,308.2,300.4,303.8,304.9,301.6,300.7,306.2,315.1,331.1,335.6,335.8,324.9,312.5,308.8,313,314.8,318.6,318.4,315.5,316.4,316.1,318,316.6,310.6,305.2,303.7,308.4,300.1,294.3,292.6,304.6,313,309.9,310.9,308.4,310.2,315.2,321.7,314.8,312.2,309.3,323.9,331.8,329.6,329.9,340.1,343.7,338.4,328.6,325.8,327.7,333.5,339.7,345.2,345.3,340.8,344.2,351.1,350.7,353.6,352.4,353.2,354.6,358.5,364.6,358.3,370.4,372.1,372.3,358.3,357.3,362.3,364.2,376.4,381.7,394,393.8,395.8,404.3,406.3,392.1,385.5,391.7,392.4,393.2,408.8,430,427,442.5,412.8,424.4,426.8,434.3,466.5,489.7,461.6,431.4,411.2,413.5,423,446.7,515.1,455.6,412.7,400.2,395.6,381.6,376.4,378.3,394.9,428.8,473.8,493.2,470.1,477.9,506.4,523.5,500.2,476.6,467.6,427.5,415.5,454,526.9,541,518.6,511.9,516.5,570.5,581.6,566,548.5,530.5,544.2,595.9,630.3,676.8,680.9,680.7,657.5,645.1,632.8,643.8,624.5,658,655.4,629.9,597.7,577.9,561.2,554.4,545.7,589.9,588.7,618.6,645.1,624.4,645.1,666.3
도,강원,100.6,101.8,100.1,100.8,99.8,96.9,99,100.3,98.4,98.6,95.8,95.7,99.3,100.4,97.7,98.1,96.8,98.4,98.9,100.7,102.6,103.6,101.9,104,109.1,105.4,107.3,109.8,114.1,118.8,117.7,115.8,115,106.3,104.8,98.6,115.4,111,112.7,115.2,115.5,116.7,114.1,122.9,121.6,122.1,119.5,121.1,127.3,123.6,121.4,119.9,121.4,123,118.8,120.8,123.3,127.7,130.5,138.8,144.3,138.7,135.8,137.9,138.6,138.4,145.9,150.3,152.6,147,150.3,147.8,152,153.8,148.6,148.9,152,152.2,146.3,148.4,152.2,151.8,150.9,150.1,151.4,153.6,154.9,153.6,155.4,152.9,155.8,156.7,161.9,163.5,161.2,161.6,164.4,164.6,156.8,157.6,158.1,158.3,158.6,162.4,159.7,161.6,163.2,159.7,172,165.7,172.3,169.8,171.3,168.7,171.5,177,179,179,183.5,181.1,187.2,186.7,188.9,191.5,187.7,193.6,198.7,197.3,201,199.9,199.1,197.1,207,205.1,203.8,199.5,202.4,205.9,205.1,203.9,209.8,205.1,201.3,207.7,206.8,205.2,203,200.3,199.4,197.9,196.6,197.4,202.5,198.4,194.4,194.5,191.2,190.3,189.5,192.5,191,193.6,189.4,192,192.6,196.8,200.3,206.1,204.3,202.3,200.6,201.2,206.2,225.2,217,213.7,214.3,218.8,222.9,240.4,239.6,230.7,225.7,226.4,236.6,237,246,254.4,251.6,262.6,261.5,253.5,254,254.7,257.4,269.3,263.5,262.4,252.1,257.3,242.3,246.6,237.7,245.4,256.5,266.4,262.5,267.1,265.2
도,충북,118.4,120.2,119.1,113.5,111.8,124.3,129.7,127.2,123.7,120.7,122.8,119.5,120.1,121.5,117.6,117.4,112,129.5,121.4,114.9,118.6,117.7,119.3,119.9,125.5,122,124.8,120,121.1,125.4,125.3,120.5,119,114.1,119.1,114.2,126.4,124.8,124.5,122.9,128.2,128.4,132.2,134.9,133.7,131.7,136.7,133.5,142.6,135.6,133.8,134.3,138.6,139.9,138.7,140.4,140.5,146.7,151,153.1,165.7,156,156.7,158.4,164.3,169.7,169.9,172.9,172.9,177.3,176.9,178.7,185.4,182.3,179,179.9,186.9,183.7,181.9,181.2,189.4,189.9,188.6,186.8,197.4,190.4,192.4,193.8,195.9,187.2,197.4,196,201.8,201.4,201.5,202,205.2,204.3,207.2,202.1,207.9,206.1,208.1,213.1,211.8,219.3,216.7,214.4,210.9,214.2,213.3,206.5,213.3,210.9,205.3,205.8,208.8,209.8,206.2,197.1,201.8,202.1,202.1,205.3,202,201,204.7,206.4,204.1,214.6,204.6,207.7,216.5,205.4,206.2,204.8,206.6,209.7,208.3,211,209.5,204,209.3,211.3,208.6,209.8,203.1,200.1,197.3,197.4,197.1,196.3,204.1,204.3,199.3,192.5,197,197.6,191.1,192.8,192.3,194.5,194.8,202.5,208.1,226.1,244.5,233.6,221.5,218.9,210.1,218.1,255,234.1,205.8,210.4,216.4,228.7,264.5,250.2,248.1,246.7,233.6,230.4,243,239.2,255.6,270.6,283,271.2,264.7,251.2,255.4,243.2,244.9,251.5,254.4,252,242.2,227.5,233.1,236.6,229.6,254.4,266.1,285.2,277.1,274.7,286.2
도,충남,131.9,129,124.4,126.3,121.7,123.6,127.3,129.7,130.2,128.1,130.7,126.1,129.9,129.3,127.8,128.1,127.9,133.5,131.2,125.3,133.5,132.2,130.5,130.9,132.2,133.8,133.1,134.5,137.3,141.8,143.7,146.9,148.8,138.3,135.8,131,147.1,145.2,138.9,150.4,142.7,148.1,148,150.4,146.9,148.1,147.2,152.3,153,150.6,148.3,148.6,155.5,154.1,149.4,148.1,150.7,153.9,159.7,161.3,169.7,162.1,162.5,160.6,163.3,167,173.8,171.6,176.2,178.2,182.5,177.7,190,188.6,184.9,187.2,186.4,186.6,187.7,188.9,192.1,194.4,196.2,190.3,199.3,195.2,195.4,198.6,199.8,196.6,201.4,205.7,210,211,219.1,211.3,213.4,213.7,209.1,207.4,210.5,212.5,220.2,214.3,217.6,215.5,213.3,211,212.6,218.7,214.9,216,219.7,214.3,218.3,213.1,212.7,214.1,215.1,210.4,209.8,207.3,204.3,202.8,200.6,205.4,204.2,207.2,208,207.9,211.3,208.6,220.7,211.5,204.8,205,205.5,209.8,210.7,211,216.8,216.5,215.1,215.3,213.5,216.9,209.5,206.3,207.5,206.8,208.4,210,218.1,228,234,218.2,217.8,217,220.2,211.8,219.9,225.4,230.3,237.2,246.1,247.5,280.8,268.5,248,233.5,223.4,222.3,235.7,282.2,264.5,248.7,267.4,258.5,293.7,293.1,246.6,239.8,240.7,241,248.3,258.6,262.7,268.8,278.5,272.9,262.2,257.3,260.1,248.5,252.7,255.2,247,236.7,240.5,243.8,234.6,244.3,245.8,259,280.3,286.4,270.8,278,280.6
도,전북,90.1,89.6,86.8,89.1,88,89,91,94.2,93.6,96.4,97.1,100.5,100.9,99.4,96.7,97,95,97.1,100.1,98.2,98.5,99.8,102.6,108.2,108.5,104.9,106.9,108.2,111.2,113.3,115.4,120.2,108.5,110.3,112.2,115,121.5,118.8,114.5,118.4,120.7,121.4,124.4,125.7,129.2,130.2,132.2,131.3,135.9,138.8,136.2,136.2,139.6,143.5,139.9,138.5,145.6,150,149.4,152,162.3,157.3,156.6,156.8,162.4,160.4,163.6,166.7,166.7,174.6,175.6,167.6,175.3,171.4,165.6,164.6,166.8,166,161.4,164.2,168,169.5,169.8,164.3,175.2,172,171.5,171.4,171.1,170.1,171.9,172,175.6,178.4,177.5,174.6,182.5,175.4,172.9,172.8,170,173.6,172.4,177.2,174.8,179.6,181.5,185.1,182.4,182,178.4,179.9,180.1,179.6,179.6,179,182.4,185.5,184.4,185.7,185.4,185,182.4,182.4,182,189.1,184.8,191.6,190.8,196.4,194.9,193.8,202.4,201,191.3,189.9,190.8,190.5,189.9,193.6,199.5,200.9,199.2,204.2,200.4,198.2,196.9,192,189.6,198.9,185.9,196.1,201.2,197.1,199.4,200.6,194.8,190.7,187,188.6,189.8,191.8,197.7,196.5,198.6,197.4,217.6,230.7,220,221.5,202.1,196,210.8,232.8,215.4,207.5,212.7,229.1,240.1,224.5,199.4,200.6,202.2,213.4,223,224.9,232.7,251.3,254.2,234.6,231.4,239,238,229.9,236.1,244,246.6,234,226.3,225,212.1,234.6,235.9,233,249.3,258.8,254.2,256.1,272.2
도,전남,73.9,72.5,71.6,73.1,74,76,77.4,78.2,77,78.7,78.9,77.7,84.2,83.4,82,80.5,78.2,82.4,86.1,84,84.4,88.6,88.8,88.5,92.6,93.3,92.9,92.3,96.9,99,96,96.8,95.4,96.3,103.8,93.5,98,99.9,103.1,103.8,101.4,101,104.1,104.6,107.9,109.4,111.6,108.2,114.5,113.7,111,110.9,113.6,116.9,117,122.3,121.9,127.5,126.7,130.9,132.6,132.4,130.2,130.6,127.3,136.1,139.5,139.9,142.3,141.6,140.5,138.3,145.3,143.6,142.9,140.4,138.9,141.4,142.5,143.1,147.2,146.7,148,138.5,150,146,146.6,149.3,150.1,146,144.8,146.1,150.7,151.2,149.8,148.5,148.8,151.6,148.3,149.1,150.4,153.6,149.8,151.9,150.6,154,156.5,153.5,158.5,159,156.5,156.9,159.2,155.6,157.6,156.9,160.9,165.1,163.2,167.1,167.5,166.9,162.3,163.9,162.5,164.4,171.4,172.2,172,177.3,177.5,176.5,176,180.2,182.3,181.1,185,186.6,189.1,185.1,187.5,193.3,189.8,192.6,193.9,192.4,191.6,180.7,189.9,189.5,190.1,197.3,205.7,199.9,203,197.3,204.1,203.1,194.1,198.4,201.3,194.8,200,199.6,198.3,205.1,208.3,212.2,216.6,217.2,212.2,208.8,220.8,228,226,222.3,221,216,225.4,231.8,214.8,213.3,210.1,213.1,223.5,227.3,237,236,246.2,245.5,234.2,226.2,230.7,216.5,239.1,221.5,226.8,222.5,230.8,221.1,213.1,202.7,212.8,211.6,237,236,228.6,225.1,228.1
도,경북,95.1,97.3,97.3,96.9,97.2,99.3,98.1,103.1,101.9,104.6,106.3,107.2,103.3,106.4,104.4,104.8,102.5,105.9,107.3,106.9,111.6,106.6,106.1,109.1,109,111.3,110.6,110.9,107.6,111,110.1,111.7,105.8,106.1,105.8,106.1,110.3,113.7,112.6,114.6,118.8,116.5,118.3,123,124.1,123.6,123.9,123.2,123.8,121.4,119,118,117.6,116.7,119.1,120.2,120.7,124.3,125.6,127.6,131.8,129.1,128.3,128.6,129.9,134.7,136.9,134.4,138.6,141.2,143.2,144.1,146.5,144.9,141.9,143.2,142.5,147.7,147.8,149.9,154.8,155.3,156.1,155.6,160,159.8,159.7,162.8,166.2,162.9,165.4,169.2,171.7,175.2,176.4,175.6,175.5,177,175,179.3,179.1,178.7,179.7,186.5,188,188.1,188.8,193,192.3,194.4,194.7,194.9,193.3,195,195.2,195,195.3,191.3,189.6,185.8,182.5,179.8,180.7,180.7,177.8,181.1,186.4,186.4,188.6,195.2,193.3,189.7,190.8,191.1,187.8,184.6,184.2,188.5,196.8,200.4,195.8,191.8,192.4,194.6,188.1,191.2,189.4,181.9,180.1,188.3,182,185.8,188.9,180.8,179.9,180.7,177,169.3,178.2,171.7,175.9,180.1,188.3,188.7,194.9,199.6,204.8,202,204.7,203.4,185.1,186,208,224.3,207,199.8,205.7,212.8,254.3,228.4,213,215.3,210.7,211.6,223.1,228.4,239.6,246.9,242.5,224.9,219.3,224.8,218,214.4,215.4,217.6,221.8,222.8,217.9,212.4,218.6,210,216.5,219.3,230.8,241.6,234.4,241.9,240.6
도,경남,142.7,130.1,132.9,124.8,123.7,123.7,123.9,126.2,135.2,137.7,157.4,143.5,135.6,131.6,129.7,129.6,126.7,137.1,173.9,137.2,141.4,137.8,141,144.4,145.1,141.8,139.3,140.4,143.3,146,145.8,144.6,146.5,143.1,140.7,144.1,154.8,152.4,150.7,155.8,160,156.7,160.2,165.4,164.4,161,164.8,165.9,173.9,170,170.5,168,171.7,179.6,178.2,179.8,191.7,192.9,200.2,204.1,215.9,215.3,222.3,223.4,217.9,220.2,224.4,231.1,226.1,229.6,226.9,216.6,231.8,225.1,226.3,222.9,223.9,212,209.8,218.3,222.3,225.8,220.5,219.6,227,224.1,228,235.3,231.1,224.9,224.1,233.9,242.6,243.4,238.6,243.4,239.6,243.8,246.2,242.9,243.4,247.2,250.9,249.5,255.9,252.3,252.7,246.7,251.5,249.3,246.7,249.6,252.1,253.6,252.1,249.4,254.3,258.9,253.3,244.8,239.8,244.4,240.2,242.5,239.9,242.6,249,250.4,256.8,260.1,257.2,251.1,251,247,246.1,244.1,245.8,247.5,246.5,250.9,249.9,249.7,247,245,244.6,244.9,241.5,236.1,237.9,229.4,228.6,234.9,247.6,245.6,236.5,235.8,234.3,234.7,235,230.3,239.9,239.8,247.3,249.5,247,277.1,287.6,267.4,270,261.2,245.7,242.8,262.6,319,292.1,266,286.6,313.2,314.8,275.6,258.4,255.4,262.3,270.2,293.8,293.9,303.7,329,332.4,311.7,296.1,294,288.3,286.8,286.8,290.7,287.3,278.5,275.3,278.8,276,284,276.5,285.4,323.2,321.3,310.3,316.8,317.2
도,제주,114.9,107.8,112.4,109.9,109.5,126.3,116,127.1,120.9,131.1,129.1,127.5,122.8,121.6,120.1,124.7,137,120.7,127.1,132.4,138.6,133.7,138.5,135.2,125.4,134.2,131.1,143,128.2,147.9,138.9,125.2,139.4,128.9,128.8,130.7,126.3,134.1,150.1,141.4,157.8,148.7,154.4,155.5,149.3,154.4,160.2,150.4,158.8,144.2,154.9,160.2,148.7,165.1,161.4,164.1,167.4,165.8,177.2,167.3,169.2,162.9,179.4,188.8,181.8,187.8,183,196.5,193.6,191.6,193.9,190.1,201.8,190,202.9,189.1,203.3,202.5,192.8,197.2,200,209.3,208.4,182.9,194.4,193.3,193.5,198.2,220,218,213.4,204.9,220.2,224.3,224.5,223.5,223.2,221.9,223.9,219.9,232.3,241,235.3,236.7,234.5,253.8,244.7,241,250.8,250.2,249.7,271.3,277.5,284.1,307.8,318.2,320.7,357,345.9,347.2,354.9,347.8,350,357,351.4,348.6,377.5,394.6,374.2,390.1,373.2,396,384.2,394.2,376.4,367.2,405.2,400.2,393.6,361,389.8,387.8,393.9,403,374.1,393.2,383.5,355.7,374.5,385.9,392.9,424.1,422.7,384.3,391.3,370.7,356.8,368.3,346.2,368.4,386.1,408.4,408,381.6,379.9,371.5,413.9,379.6,382.5,392.2,370.5,365.1,390.1,410.7,413.8,390.1,395.5,422.2,425.1,404.4,393.7,415.3,408.4,446.9,452.8,414.7,414.3,491.4,466.4,448.2,394.2,403.8,400.5,412.4,455.7,465.9,452.1,454.2,380,429,445.7,394.3,403.3,386.4,429.2,440.6,439,463.7,471.9
